/home.component.html  /     301
/agenda.component.html      /agenda    301
/biografia.component.html   /biografia     301
/musicas.component.html       /musicas     301
/centralFas.component.html     /centralFas     301
/contato.component.html        /contato    301
/depoimentos.component.html        /depoimentos    301
/login.component.html              /login  301






